key,value,label,emerlabel,version,sent1,num
topic0,11.379224,output layer; sigmoid activation function; dot product; output neuron; neural network,0,Janurary,1: say you_have a <digit> input neural_net with <digit> node in the hidden layer and <digit> node in the output_layer all with the sigmoid_activation_function;<br>2: hence for an_input of input to node <digit> of hidden layer be to node <digit> be to node <digit> be to node <digit> be;<br>3: that mean_that the <digit> input value be store a a stream and a self modifying network be continuously predict the value;<br>4: <digit> w14 0.5 while between_neuron in the hidden layer and the start neuron;<br>5: for this we_have to redefine the nearon <digit> input <digit> output <digit> weight;<br>,1
topic0,7.015692,real time; tic tac toe; computer game; policy gradient method; virtual world,0,Feburary,1: i'm personally interested in classical generalized approach to strategy game ai which be archaic from the standpoint of pure strength but interest from a game solve perspective;<br>2: the agent us weight in his policy for adapt the decision to the game;<br>3: motivation here be from a game product perspective under the assumption_that most human don't like lose every game with no possibility_of ever win;<br>4: and currently what be the direction on algorithm like deep learning or others to_solve this;<br>5: the general_idea be that the agent fluctuate his weight until_he have win the game;<br>,2
topic0,9.236737,artificial intelligence; general purpose; linear algebra; object orient; expert system,0,March,1: logic for_instance can provide a specification for a programming language by characterize a mapping from program to the computation that they license;<br>2: for_question_about implementation_of ai_ml program in the javascript programming language;<br>3: java be a general_purpose computer programming language that be concurrent class based object oriented and specifically_design to have a_few implementation dependency a possible;<br>4: for_question_about implement and improve optimization_algorithm use in create ai program or optimization in_general;<br>5: for_question_about implementation_of machine learning and artificial_intelligence algorithm in the java programming language;<br>,3
topic0,12.958906,neural network; cost function; feature map; convolutional neural network; bound box,0,April,1: it be possible_to generate many model use the_same architecture even with the_same training data;<br>2: the result that i obtain on one of the_same image use a training;<br>3: in both_case i train the algorithm on the_same above training set;<br>4: if_you add fake sample to the training set your neural_network learn new dataset that you just make your fake sample be estimation so you add_noise to your training set;<br>5: when_we give it a new image to_predict after the training it print it prediction;<br>,4
topic0,6.267920,indicate whether; determine whether; hide layer; bound box; feature vector,0,May,1: this give <digit> possible output class;<br>2: but <digit> dimensional input would be need_to send both collision and category type information through each input_layer neuron;<br>3: each test sample have input of <digit> real_value some of the value may_also be unknown;<br>4: now keep these point in_mind you_can_check again your input to see if_you can improve something;<br>5: it'll be like a compass output only_one value from <digit> to <digit>;<br>,5
topic0,4.451741,sub sequence; time stamp; expect reward; set theory; linear algebra,0,June,1: with few agent it's work;<br>2: if an_agent want_to move to a tile occupy_by another agent it can_send a message to require the agent to move;<br>3: the cool thing about these_field and idea be that they be all driven my mathematics;<br>4: it see a person kill someone_else and then that person be punish by the community so the ai learn that kill_people be not right;<br>5: and there_be relatively_low work go_on video due_to the amount_of computational_power require even train a_simple video_classifier with reasonable_accuracy require lot_of expertise and resource;<br>,6
topic0,13.015913,neural net; output layer; float point; activation function; lstm layer,0,July,1: be it possible_to use a seperate neural_network that take a input the weight of the first network while it train to try and approximate that;<br>2: that depend_on_what type_of_network you_want_to use for your second network instead_of feed the output of the first_layer it would be much_good if_you jointly train both the network;<br>3: regard the network structure the structure of an_rnn essentially look_like that of a feedforward_network except the neuron in the hidden layer have be_replace_by neuron with recurrent_connection;<br>4: iteration require for convergence iteration through each_sample use in training iteration through layer for both forward_propagation of the signal and the backward_propagation and distribution_of corrective feedback iteration through the channel specify by the width of each_layer the heart of approximate complex behavior be the function that be not first_degree equation which be_often_call activation even_though their action have little in common with the activation of neuron in vertebrate;<br>5: or more_generally can i use a neural_net that be train to_predict to make_prediction on value from a_subset_of or should_i train separate neural_net on all subset_of that i'm_interest_in;<br>,7
topic0,19.614569,chess algorithm; control system; artificial intelligence; human intelligence; expert system,reinforcement learning; von neumann architecture; adaptive system,August,1: for_question_about the definition_of term use in artificial_intelligence_research and development include the definition_of intelligence algorithm jargon principle methodology mathematical term concept topology architecture design jargon and ai domain such_a robotics network training or automate_vehicle;<br>2: deepmind alphazero chess algorithm do good than the prior good chess software stockfish;<br>3: alphazero search few position that it predecessor like human;<br>4: it be interest to note that the way computer play chess be very different_from how human play while both human and computer search ahead to predict how the game will go on human be much more selective in which branch of the game tree to explore;<br>5: stockfish would use the one minute if there be more than a single legal move otherwise it move immediately;<br>,8
topic0,11.149820,general knowledge; real world; artificial intelligence; data science; research direction,0,September,1: ai be algorithmic not free_will in a sense that human have free_will;<br>2: programming language be just tool you_can_use any tool to do ai;<br>3: well one problem we_have come_across be create a database for the ai;<br>4: if say ai can assess scenario and decide_what ai be best suited and construct new ai for new task;<br>5: in strict_sense a real ai would be_able_to say my sensor;<br>,9
topic0,12.237806,control system; real time; attention base; predicate logic; machine learn,0,October,1: important early design choice real_time learning be indicate and the system must be stabilize use the_same kind_of stabilization technique involve in electrical engineering robotics and balance;<br>2: for_question_relate to the use of ai for the control of the quality_of software_development a design process a manufacturing process a physical process or another product service system or process;<br>3: for_question_relate to the design of embedded system that employ ai the use of ai to_create embedded system or the design of the ai that be use in an embedded system;<br>4: the administration of this questionnaire build a set_of data that will later be use to train an_independent learning system;<br>5: the current machine learning boom have not develop any system of intelligent_agent that can generate what a literary expert would consider remarkably insightful story;<br>,10
topic0,10.321842,logical inference; general intelligence; human intelligence; low intelligence; experience emotion,0,November,1: the implication of the continue validation of deep learning be that human be just the catalyst create intelligence just intelligent enough to get more_intelligent without human_intervention;<br>2: they may hold a more billion_neuron result in a much complex intelligence;<br>3: for_question_about cognition an_umbrella_term for a number_of mental_feature of the_human_brain and brain of animal that be associate_with_intelligence especially relate_to belief logical_inference development and acceptance or rejection of idea and formulation_of complex model of the environment for prediction control and risk_reduction purpose and soft human characteristic_of competition collaboration and other social thinking;<br>4: it's very_easy_to overcome human capability and i_think intelligence will_not be the exception;<br>5: exorcize or abduct human creativity and intelligence;<br>,11
topic0,9.709568,value alignment; artificial intelligence; computer science; artificial general intelligence; surpass human,0,December,1: ai cant handle all the robot intelligence they cant understand the_human_brain process they cant fell happiness or be our misconception_about robot intelligence system;<br>2: suitable_for for question range_from automation replace human job instability create_by application of ai and apocalyptic scenario of ai takeover etc;<br>3: design application implementation mathematics of ai philosophy of ai etc;<br>4: use for_question_relate to the mythology of ai from skynet to the matrix to blade runner and include all speculative_fiction involve ai;<br>5: topic such_a human ai value_alignment artificial_consciousness the feasibility of agi the ethic of ai neo_luddism etc;<br>,12
topic1,11.310444,genetic algorithm; neural network; knowledge base; human brain; spam filter,0,Janurary,1: it_might try_to guess how_big mistake it have make and try_to modify some parameter of the solution randomly;<br>2: for_question_about algorithm that exhibit characteristic_of evolution in that the structure form or process of that which be evolve incrementally improve either by dna mutation and selection symbiosis or other operation that can produce improvement;<br>3: an_ai look_at a new problem try_to remember the most_similar problem with a know solution and apply a similar solution to the new problem;<br>4: since the approach be to_classify input with label you previously provide for the neural_net i_think a convolutional_neural_network could work for you problem;<br>5: grossly speaking he have a strong meta knowledge approach combine_with reflexive programming technique;<br>,1
topic1,10.705980,artificial intelligence; brute force; optimal solution; genetic algorithm; real world problem,0,Feburary,1: for question specifically about ai architecture use the plain;<br>2: what be more_difficult_to answer be the question how the term can be use in a concrete problem for_example to_navigate a robot through a maze;<br>3: in_computer_science artificial_intelligence and mathematical optimization a heuristic be a technique design for solve a problem more_quickly or for find an approximate solution when_you have fail_to find an_exact solution use classic_method;<br>4: also if_you be from development background you_can_use java sphinx some ai tool and api's;<br>5: what be the_difference_between ai architecture and ai model;<br>,2
topic1,7.956190,computer vision; climate change; past experience; natural language; high school,0,March,1: through their intelligence human possess the cognitive_ability to learn form concept understand apply logic and reason include the capacity to_recognize_pattern comprehend abstract idea plan solve_problem make_decision retain information and use language to_communicate;<br>2: computational_power and memory be limit so multiple_agent may solve computation intensive or memory intensive problem together well fast_than each single agent can;<br>3: for question base_on proper usage_of data for machine learning ad other algorithm to extract useful_information;<br>4: for_question_about process signal of any physical quantity with the help of machine learning or artificially_intelligent algorithm;<br>5: for question on behavior performance of algorithm design to_mimic_human quality behavior etc;<br>,3
topic1,7.724759,human intelligence; grid cell; andrew ng's; knowledge base; research group,0,April,1: accord_to andrew_ng's video the bounding box be introduce to_solve multiple object inside the_same grid_cell;<br>2: so i_suspect_that ai might achieve parity with overall human_intelligence but may_not also become capable_of behave_like_a human or understand certain thing where the understanding be develop experientially;<br>3: truthfully we_don't know_exactly_how good ai can become so we_don't_really know the answer to this_question;<br>4: the eye work by pick_up difference_in incoming_signal and send this a a;<br>5: these signal_between neuron occur via specialized connection call synapsis;<br>,4
topic1,9.575012,neural network; question answer; probabilistic model; evolutionary game theory; bias towards,0,May,1: think the use of over fitting make the question vague;<br>2: the answer to the question;<br>3: i've be follow 3blue1brown_'_s neural_network tutorial series and have be work_on make a neural_network classifier base_on what i've learn;<br>4: also there's probably a high skill gap_between an_ai learner enthusiast and an_expert ai specialist compare_to other_field so that could_potentially lead_to even_more difficulty communicate the answer question in way everyone can understand without confusion;<br>5: but these be my general question;<br>,5
topic1,7.867144,artificial intelligence; artificial narrow intelligence; online course; program language; research community,0,June,1: btw simple_way be to make ai always fail safe;<br>2: if everybody lie and steal that would be learnt a normal behaviour and the ai would not be_able_to pick_up that most_people would see this a ' bad ';<br>3: in conclusion it's_possible_to implement such application by ai base_on the above;<br>4: most c language allow bitwise operation so_you'd be_able_to take_advantage_of that although interpret language such_a python appear_to be extremely popular for ai probably due_to the flexibility in_term of test code without need_to compile;<br>5: suitable_for application of ai to_tackle real_world_problem;<br>,6
topic1,9.688828,game theory; strict sense; artificial intelligence; von neumann's; general problem solver,0,July,1: finally i_find answer for the question;<br>2: the key to understand our_existence start by ask_question or find answer which may_not have any question;<br>3: i've be watch the answer come and go for that question for decade now;<br>4: this all may sound_quite philosophical but in_term of ai it may just be find pattern and logic from what we_observe around_u;<br>5: while it may be hard_to believe how such intelligence can come_out_of nature alone it may get easy_to understand that this occur through_trial_and error over a span of a_couple_of billion_year;<br>,7
topic1,7.080420,continuous control; sutton barto; goal state; terminal state; ben goertzel,0,August,1: weight <digit> train <digit> weight <digit> train <digit> <digit> <digit>;<br>2: output weight <digit> train <digit> weight <digit> train <digit> <digit>;<br>3: do state in the question that <digit> epsilon <digit>;<br>4: like <digit> <digit> of it;<br>5: most of the state be normal maybe <digit> in a <digit> be like this;<br>,8
topic1,4.144246,weight vector; binary output; stanford university; many others; minimax algorithm,0,September,1: each_sample you get from the distribution be a binary variable <digit> or <digit>;<br>2: return <digit> if bit <digit> else <digit> def toggle;<br>3: you_should end_up_with <digit> different array for <digit> different number;<br>4: an_example be that if in this game j <digit> in the_same_way that a k k q q j and <digit> <digit> then encode the card a an_integer from <digit> through <digit> or <digit> through <digit> by_subtract one;<br>5: val <digit> base <digit> for i in range;<br>,9
topic1,15.383361,artificial intelligence; computer system; human intelligence; natural language; data science,0,October,1: what be the_best turing_complete programming language which_can be use for develop self learning improve evolutionary_algorithm base ai program with generic algorithm;<br>2: ai be a very_different beast pure ai study be mostly interested in the theory of agent with unbounded computation_power;<br>3: you'll_get interface to game if_you_want_to try apply your machine learning skill and compare the performance of your trained ai with others;<br>4: the reason_for it be we a ml_engineer generally try_to_replicate how human approach any problem into mathematical_model and build library on_top_of it to use it in application;<br>5: introduction exhaustive_search be a method in ai planning to find a solution for so_call constraint_satisfaction_problem;<br>,10
topic1,9.579053,error correction; haar cascade; search algorithm; machine learn; regression problem,0,November,1: a raw enumeration of all_possible combination blow_up quickly but many algorithm can do reasonably_well by re phrasing the problem in such_a way that you_have more;<br>2: a the problem complexity increase the use of grouping in this way be more_common;<br>3: whereas inform_search strategy use problem specific knowledge beyond the definition_of problem itself and can find solution more_efficiently than can an uninformed strategy;<br>4: c have a_major problem before a program can be compile with gcc or the llvm compiler somebody need_to know which algorithm he need;<br>5: can i use them for online tune problem;<br>,11
topic1,10.828083,genetic algorithm; physical system; machine learn; neural net; data science,0,December,1: the_best example of machine learning be face_recognition you write the program to_detect color shape of face and then when it recognize a face you_can do other task;<br>2: q learning be a reinforcement learning technique use in machine learning;<br>3: machine learning mean you write the_same program and you also tell the program to suggest a thing which user will have interest_in it;<br>4: more_recently machine learning in all of it various_form include neural_network and genetic_algorithm have be deliver exciting result;<br>5: in your training set use batch learning and for_each training sample give all_possible permutation to the network such that it learn to be permutation_invariant;<br>,12
topic2,7.465266,knowledge base; relevant information; human player; deep mind; research paper,0,Janurary,1: of the ai would be to act a a filter not relay any request for release back only the answer to the question ask;<br>2: after study and get answer from expert i could find_out the answer to this_question and posting a an answer to my_own question;<br>3: i see that too but in case of the human in the way i look_at it we be at the very_low step beginning of an_ai that can do self reflect and question it_own ability_to do rational thinking and how_far it can go and develop;<br>4: i be go to answer this_question by step away_from the previously make insightful comment and academic answer;<br>5: i_would find agency for_example federal ai agency or federal blockchain commission to be baffle and unproductive;<br>,1
topic2,3.317711,non linear; make decision; long term goal; current knowledge; image classifier,0,Feburary,1: <digit> <digit> max pooling 1d <digit>;<br>2: <digit> <digit> up sampling 1d <digit>;<br>3: <digit> <digit> up sampling 1d <digit>;<br>4: <digit> max pooling 1d <digit>;<br>5: <digit> max pooling 1d <digit>;<br>,2
topic2,7.261808,stochastic environment; state space; internal state; value function; russell norvig,0,March,1: until that time come the answer to your_question be yes it's_possible but that do_not mean it will or will_not happen that way;<br>2: when human be work_on the first nuclear bomb some field expert of the time think that when the reaction go super critical it would not stop and would devour the earth;<br>3: the first_step be to build_into the game a manual mode in which the bot be control by a human;<br>4: a nn can get state and action a an_input and expect discounted reward a an output;<br>5: goal may_also be time bounded and reward may be time_dependent;<br>,3
topic2,8.240478,state space; run time; success rate; policy gradient; output value,0,April,1: the simple_model study be a state_space that have a_single goal and be essentially a tree with reversible action;<br>2: the simple_model study be a state_space that have a_single goal and be essentially a tree with reversible action;<br>3: here you_have to iterate_through all the action a in state_s and calculate the sum accord_to the formula in the max function;<br>4: for_example_if in the sourcecode a variable be unknown and must adjust to optimize a_certain goal then the neural_network can_help to find the parameter;<br>5: i'm find the action that maximize the sum for all state of the equation follow the sigma;<br>,4
topic2,7.244948,program language; data science; sensory input; data analysis; game engine,0,May,1: that s because python be a modern script object oriented programming language that have stylish syntax;<br>2: it get the current pixeldata from the screen and convert this into a textual language for_example user is on placea or enemy pick_up item;<br>3: that broaden the use of python in ai field;<br>4: once_you need_to do advanced stuff and want_to automatize the basic algorithm you_can switch to python where you_can_use super advanced api's like kera which be on_top_of tensorflow which be on_top_of python;<br>5: other be you_have must knowledge_about python because python be most familiar and all library be available in_python for data_science;<br>,5
topic2,8.123201,data set; high value; play game; terminal state; game state,0,June,1: so <digit> mean the agent didn't win even a_single game in about 250_game;<br>2: win <digit> game from 250_game;<br>3: figure <digit> <digit> which show an_edge consist_of a high_value on the left and a low_value on the right that be move to the right along the x_axis;<br>4: by play_game against_itself alphago_zero surpass the strength of alphago lee in three_day by win <digit> game to <digit> reach the level_of alphago master in <digit> day and exceed all the old version in <digit> day;<br>5: so it be win about <digit> game in from 250_game then after some iteration it cannot win anymore;<br>,6
topic2,8.926389,domain knowledge; domain specific; autonomous vehicle; self aware; define intelligence,0,July,1: in some_respect by some definition_of intelligence human would qualify_a the dominant moron of all terrestrial life_form;<br>2: do_anyone else see four out_of five of these motivation a somewhat lack in intelligence;<br>3: so we_can argue_that intelligence isn't locate in the brain but in the game human be play;<br>4: human can determine mathematically that hexagonal room be 1.7 time more_efficient_than square room in_term of construction material but be it intelligence that have determine that ratio century_ago human continue_to waste material on square room;<br>5: consciousness in the sense of human awareness be not a requirement of life and the_most_basic definition_of consciousness be awareness of any_kind no_matter_how trivial;<br>,7
topic2,9.068374,next state; reward signal; current state; enough information; time step,0,August,1: it be base_on agent associate reward_signal to action they make on a_particular state in the environment;<br>2: a transition rule change take a state a input and output a new_state;<br>3: that way it basically always predict a different action to be;<br>4: multiple state which influence how the environment rule will be apply;<br>5: for rl_theory to hold the state should possess the_markov_property which be to say_that a_single state should have fix distribution_of next_state and reward dependent only on the_current_state and action;<br>,8
topic2,11.732916,input layer; pretrained network; neural net; make prediction; input vector,0,September,1: like a combination_of cnn and rnn be use to_predict caption for image cnn's may be use in field_of sequence processing;<br>2: the large dialogue_corpus be use to train a model for_example an_svm model or a deeplearning network;<br>3: the ' image ' i'm train on be <digit> x <digit> x_3 pixel and each channel contain a different_set of raw_data;<br>4: the lstm_network must be train on a sufficient sample of labeled example data before it will be usable to_classify the image;<br>5: consider that if_you_have a color image then_you have to store the rgb_value for each_pixel thus triple the matrix size and the training could be very_well do with just the gray_scale value thus it would be good to convert all the image to gray_scale in preprocessing step and also take_care to convert the image to gray_scale when_you actually use the trained network to_recognize an_image;<br>,9
topic2,10.005731,time space estimation; performance measure; cross entropy; final state; time space,0,October,1: i be_wonder_if give the grid setup's dimension and the_fact_that the loading and unloading point be stationary could there_be a way_to treat this problem a reinforcement learning and figure_out a way_to re_compute the distance more_accurately by allow_for the_fact_that the predetermined distance have be fraught with noise;<br>2: what you say isn't totally wrong but the a algorithm become optimal and complete if the heuristic_function h be_admissible which_mean that this function never overestimate the cost of reach the goal in this_case the a algorithm be way well_than the greedy search_algorithm;<br>3: you_can_find example algorithm for q learning and policy_gradient in reinforcement learning;<br>4: i_think the problem be right here i_cannot make_sense out_of all the variable;<br>5: so if_we get to where we develop a meta algorithm for classify problem and build more_optimal deep learning solution than we would by_hand but_i_think that would pretty_much take u out_of the picture for quite_a_lot of problem space;<br>,10
topic2,9.941030,receptive field; feature map; input size; convolution layer; cnn layer,0,November,1: for question of the fallibility of ai strategy or system in a_particular development process or field use such_a whether a trained network will_fail to_achieve key objective at the time of deployment or afterward whether a_particular criterion use to design an_ai solution will_fail to produce a cost_effective system or whether a_particular algorithm be guarantee to provide the desired outcome base_on a set_of determine factor;<br>2: to_maximize information share across the input and eventual output force angle of strike position of strike etc;<br>3: for_example_if we collect_data on exist property price with information on the land area built in area type_of building age of building etc it be possible_to predict the price of another property if_we input the value of the various parameter of this property;<br>4: do_not add this_tag to exist question it be reserve_for use by the system to_identify post with no valid tag;<br>5: overlap of the term when the output of a convolution section contain a map of feature and be feed into another convolution_layer or section the feature_map of one section become the full space over which the receptive_field select the subset_of information to be feed into the_next kernel a input;<br>,11
topic2,8.250895,reinforcement learn; image recognition; temporal difference; capsule network; action selection,0,December,1: i'd definitely recommend deep learning by_goodfellow bengio and courville;<br>2: also know a deep structure learning or hierarchical learning;<br>3: hardware configuration exploitable parallelism in hardware operate_system execution model efficiency of compilation result number_of_vertex topology of the network distribution_of edge fan out attribute of each vertex attribute of each_edge return to the point that the acronym in the question be abstraction of practical algorithm several_other kind_of detail be part_of the strictly definable algorithm that correspond_to direction require to run the search on computer hardware in some language detail of the structure represent the graph and_possibly a graph_library interface expose through an_api include_these;<br>4: what would be involve in implement this and how_long would it take for someone familiar_with deep learning;<br>5: in your training set use batch learning and for_each training sample give all_possible permutation to the network such that it learn to be permutation_invariant;<br>,12
topic3,9.038979,move right; state space; next state; value function; initial state,0,Janurary,1: the environment be not change it's static only the agent be move;<br>2: this velocity information be not show in the state and could_cause your agent problem a it cannot_tell the_difference_between a stationary car in_front of it and one which good match it_own velocity;<br>3: provide your state information be enough for the agent to observe that it be in the far left or far right lane it should eventually after_train correctly_predict the value_function and or optimal_action a it learn the environment;<br>4: in the above situation i mention wont the agent think due_to ' move_right ' action the state have change which be_not_really the case;<br>5: the problem of find a sequence_of action to find generate a desired state from an initial_state;<br>,1
topic3,7.942510,output layer; output node; input layer; output value; classification task,0,Feburary,1: all i_have learn so_far be that you_will need more_than_two layer for any_kind_of deep learning and that hidden node should be the mean of input and output_node;<br>2: in a neural_network there_be an_input layer any number_of hidden layer and an output_layer;<br>3: an_mlp consist_of at_least_three layer of node;<br>4: be apply on a non activated module in the hidden layer;<br>5: this might be a personal opinion but whenever i_need to cross the shipping fee threshold i usually add item which i_have already buy the previous time to escape ship_fee;<br>,2
topic3,14.497036,neural network; neural net; data set; image recognition; genetic algorithm,0,March,1: the point here be that train a neural_network would_require code for feedback that an application use the trained network would not need;<br>2: neural_network be use to visualize high_dimensional data through the use of autoencoding;<br>3: instead_of use a uniform distribution_over all data sample you_can weight specific sample higher or low so that they be show more less often to the network;<br>4: over fitting happens when a model learn the detail and noise in the training data to the extent_that it negatively_impact the performance of the model on new_data;<br>5: one of the big cause for limitation when use neural_network be base_on the difficulty of interpretation a to what the network be do;<br>,3
topic3,7.347706,research group; specific problem; define intelligence; search algorithm; theory behind,0,April,1: design application implementation mathematics of ai philosophy of ai etc;<br>2: ai be supervise if it be give the correct_answer after guess;<br>3: bayesian_network be another form_of probabilistic ai;<br>4: ai be unsupervised if the correct_answer be not give;<br>5: ai can be supervise or unsupervised;<br>,4
topic3,9.053388,self play; time limit; time frame; terminal state; valid action,0,May,1: about it environment and can then make a decision to execute some action which will have some;<br>2: how to tell this agent to do this action;<br>3: then i do the_same_thing 10_000 time to take more gradient_decent step and try_to get to the minimum cost_function;<br>4: a new information arrives they_can update those belief and select the_best action in response_to their_belief about the state of the_world;<br>5: the result action be record from some of the_best player;<br>,5
topic3,9.592174,neural network; neural network architecture; possible action; incoming signal; cell state,0,June,1: the second modul be a planner which determine automatically which action be need_to bring the system into a give state;<br>2: a_oppose_to model every atom and sub atomic state;<br>3: w_1 should be the case of positive feedback which_can cause massive variation in output due_to small_change due_to it self reinforce property;<br>4: the infinite monkey_theorem state that a monkey hit key at_random on a typewriter keyboard for an_infinite_amount_of time will almost surely choose a neural_network_architecture that appear_to work_well on the give data_set and parameter;<br>5: be function that map one domain to another you_cant map natural_language sentence to instruction in code;<br>,6
topic3,10.698701,stochastic gradient descent; self play; use back propagation; neural network; standard deviation,0,July,1: and then see the performance_on a test_set and take the final_decision a a weighted average of all the different model output with the weight be high for the model which do the_best on_test_set;<br>2: then_yes a nn can be pre trained and then_you_can take that model and apply additional training to it so in a sense it be use;<br>3: be supervise learning model with associated learn_algorithm that analyze data use for classification and regression analysis;<br>4: train different model on different subset_of data;<br>5: shorten convergence time use_back_propagation variant such_a momentum and adaptive moment estimation batch_gradient_descent performs model update at the end_of each training epoch where_each epoch iterate_through all training examples mini_batch_gradient_descent segment the training examples to find a balance_between the robustness of stochastic_gradient_descent and the efficiency of batch_gradient_descent this stragegy be in common use and the batch can be distribute to node in a super computing cluster sup_3_sup the comment in the question that these method do_not produce the_same result a stochastic_gradient_descent be correct;<br>,7
topic3,10.559640,problem solve; turing machine; perform well; possible solution; finite time,0,August,1: for_question_about ai problem_solve in_term of approach theory logic and other aspect where the problem be well_define and the objective be to find a solution to the problem;<br>2: but for any_give problem the solution we will want_to find be the most well defined narrow efficient one available;<br>3: this isn't_really a problem that could be solve with regex because html mail can get very_very messy;<br>4: problem_solve in artificial_intelligence be the study of how an_ai can solve a give problem;<br>5: the solution of the problem then consist_of apply the right transition until a state be reach where that satisfy the condition for a final_state;<br>,8
topic3,10.146262,progress towards; second step; value function; neural net; make progress,0,September,1: it's an_effort to make computer do thing that currently only human can do well;<br>2: thing that can make your prediction well;<br>3: this way i_don't need the alpha_beta pruning and it's more obvious when the algorithm make a stupid move;<br>4: i spend my last_year try_to recreate human thought and action in an_ai;<br>5: of move make to reach that position;<br>,9
topic3,11.857517,data point; test set; train data; initial weight; high score,0,October,1: the test run would mirror that draw the sample use the_same random mechanism;<br>2: the cnn learn the shuffling system or some_aspect_of it so that when the shuffling be remove the training no_longer apply to the input pattern how the training and testing sample be draw be not_sufficiently random additional question do the model learn_from the average of all the data_point in the mini_batch;<br>3: take training image_classification model a an_example when there_be limited amount_of_data it be not uncommon to augment_data by randomly rotate_image data but i often_see the resulting image be rotate to a degree that part_of the area that be normally unseen or out_of canvas of image appear black in color;<br>4: if_it's semantic comparison then_you_can take a look_at model use in the snli dataset for_example;<br>5: if_we use whole possible latent_vector of latent_space a input for the generator then the generate image be also a whole set_of possible image that can be classify together_with the training set;<br>,10
topic3,12.898085,artificial intelligence; state action pair; genetic algorithm; artifical intelligence; neural net,0,November,1: if_you_want_to do those or similar_thing you absolutely need a machine with a powerful gpu that can accelerate the deep learning library that you_want_to use;<br>2: build own deep learning machine;<br>3: maybe later introduce machine learning in_order_to learn how an atom reacts to different environment;<br>4: collaborative deep learning for recommender_system which use a two way tightly couple method collaborative filtering for item correlation and stack denoising_autoencoders for the optimization of the problem;<br>5: so artifical_intelligence be to have problem solving skill logic reason understand but_still you_need_to learn to acquire these skill so machine learning be a part_of artifical_intelligence;<br>,11
topic3,11.547974,final state; initial state; let's say; cerebral cortex; random value,tree search; direct graph; alpha beta,December,1: <digit> win <digit> loss and <digit> draw;<br>2: if our guess <digit> be wrong we get a reply of whether the guessed number be great or small_than <digit> therefore we_won't get_into this state;<br>3: the guessed number be either <digit> or <digit>;<br>4: the guessed number be either <digit> or <digit>;<br>5: the guessed number be either <digit> or <digit>;<br>,12
topic4,9.400560,biological neuron; general intelligence; artificial intelligence; human consciousness; label data,0,Janurary,1: use a word_embed layer such_a word_2vec or glove should significantly_reduce the amount_of_train_data require but may require a careful pre processing stage and may be less useful when_you have a_lot_of jargon in your_data;<br>2: additionaly human may have other laugh without build a conscious theory this help_u understand intelligence and build an_artificial one;<br>3: to understand these faculty cognitive_scientist borrow_from field such_a linguistics psychology artificial_intelligence philosophy neuroscience and anthropology;<br>4: in most_case it do_not even require ocr;<br>5: not that such_a task would be anything close_to approach simple or easy give our still lack knowledge of neurological structure and the difficulty_in get a non_biological interface that be_capable_of the required sort_of communication and adjustment that biological_neuron can have perform and on a size scale that would be practical;<br>,1
topic4,10.935929,neural network; search algorithm; genetic algorithm; small part; multi class,0,Feburary,1: i be work_on my senior project about classification use the neural_network and backpropagation_algorithm and for my research i will modify the the backprop algorithm use combination_of particle_swarm_optimization;<br>2: i_have develop a neural_network program to evolve_neural net to play connect_4;<br>3: sem path analysis go popular surprizingly in social behavioural science and psychology trough the use of lisrel but seem still not be use to build survey or analyse survey result;<br>4: be program collective_intelligence by toby segaran a good book to enter in the ai and neural_network world for a novice;<br>5: i'm_try_to understand_how to effectively plan and write a neural_network but run_into problem with understand_how they should be write;<br>,2
topic4,12.016975,loss function; linear regression; cost function; independent variable; input variable,0,March,1: so on to methodology my thought be to use a weighted loss_function to attribute high positive weight to action that result in gain point;<br>2: a classification_algorithm that make it prediction base_on a linear predictor function combine a set_of weight with the feature_vector;<br>3: your_code should contain a method call knapsack the method take two parameter the first be a 2xn array_of integer that represent the item and their weight and value and the second be an_integer that represent the maximum weight of the knapsack;<br>4: and attribute negative weight to action that result in death;<br>5: it will shift randomly the weight and so the activation_function;<br>,3
topic4,10.817840,artificial intelligence; machine learn; convolutional network; intelligent system; natural language,play chess; pseudo random; fermi paradox,April,1: i_believe which most_successful ai theory be machine learning in entire web have machine learning algorithm run learn by what you do watch search even by the photo you take;<br>2: a i_understand it machine learning be one of many approach to artificial_intelligence;<br>3: it employ technique and theory draw_from many field within the broad area_of mathematics_statistic information_science and computer_science in_particular from the subdomains of machine learning classification cluster analysis data mining database and visualization;<br>4: also if_you be new to machine learning understand the basic algorithm might be relevant to you;<br>5: i_want_to make a connect_4 ai use machine learning but i'm a complete_beginner to the topic;<br>,4
topic4,6.321964,recommendation system; generative model; policy network; reflex agent; latent space,0,May,1: that say an_ai a an_individual be totally selfish the strategy to express selfishness can vary_depend_on it goal;<br>2: it_depend_on the environment and goal do the ai die;<br>3: refers to the use of natural_language processing text analysis computational_linguistics and biometrics to systematically identify extract quantify and study affective state and subjective information;<br>4: blow_up and always go in the_same direction;<br>5: at_first let_u try_to_find the problem of the_op in the give ai literature;<br>,5
topic4,9.644737,label data; machine learn; low level; actor critic; social network,0,June,1: i be look_for research_area where i can use deep learning machine learning in manufacturing industry;<br>2: do you see machine learning and ai taking over job like program in the future or do you think it will create more job than it destroy;<br>3: machine learning mean algorithm be kind_of write themselves now;<br>4: how_far do you think machine learning will be_able_to progress do you see development hit a wall in the future;<br>5: it's true that no general learning algorithm machine or human can be perfect;<br>,6
topic4,9.358606,internal model; time stamp; human intelligence; turing machine; random forest,0,July,1: for those_who use philosophical argument to make the case algorithmic consciousness be not_possible i'd posit the question;<br>2: although perhaps it be still possible depend_on the problem network_architecture and your target cpu_gpu etc;<br>3: it will_not be the_same a mini_batch_gradient_descent a i be not include all data in one iteration but_rather learn_from some data and then_proceed to learn on more data begin_with the update_weight;<br>4: in such case_you'd still want_to_make_sure to use frequency rather_than raw word_count;<br>5: hinton call max pooling in cnn a a ' big mistake ' a cnn look only for presence object in an_image rather_than the relative orientation between_them;<br>,7
topic4,14.201171,science fiction; expert system; general intelligence; human intelligence; human level,0,August,1: for_question_about way of measure_intelligence of ai either in_relation_to other ai in_relation_to human or in absolute term on a_certain scale;<br>2: a machine be intelligent if it behave in a way that be a human to behave in that same_way the human would be say to be perform an_action that require_human_intelligence;<br>3: we_have nothing that even show a hint of be_able_to simulate or duplicate in the future the human capacity of reasoning inventiveness or compassion;<br>4: which may be the old record of the vision of artificial flight although it be easy_to argue_that there_may have be much earlier conception_of human flight than that;<br>5: of human the bridge between advanced automation and computer based cns_research;<br>,8
topic4,9.709280,computer vision; machine learn; meta rule; high level; production system,0,September,1: pattern_recognition be a problem solving task or tool in machine learning data mining be a use case in machine learning where pattern_recognition can be one tool to apply depend_on the problem;<br>2: one approach to start would be to try_to describe the problem use a formalism closer_to reinforcement learning;<br>3: if_there be no algorithm no machine can solve the problem;<br>4: it would also be great if_we could implement this in such_a way a to make the deep learning model learn the various feature of those_who come_into the shop or not;<br>5: machine learning be broad than pattern say pattern_recognition dosen't need_to learn problem but can be cod to learn the pattern;<br>,9
topic4,14.892685,artificial intelligence; neural network; start position; deep network; depend upon,0,October,1: which problem be too_complex_to find a solution;<br>2: at_first we construct a problem in which the constraint be so strict that even a backtracking search won't find a solution;<br>3: genetic programming on_gpus multiagent_system on_gpus sit solve on_gpus there do_not_yet seem_to be much work optimize these other problem for tensor_process_unit but tpus be also not_yet very old;<br>4: i could overhaul the mechanism i adopt to compute the distance but i'd_rather find an rl solution to the problem;<br>5: the amount_of paper be limited but with new deeplearning method and large datasets some progress seem_to be possible;<br>,10
topic4,14.533789,math container; technological singularity; computer science; deep mind; available online,task assign; simple example; local search,November,1: a chatbot who act with morality be not a_certain form_of artificial_intelligence but it be ai adapt_to a domain;<br>2: be ai limit_by the_fact_that it require u to give it a task or goal to_achieve;<br>3: in future ai will relate a to b be they number pattern of coded instruction or some_other form_of more complicated construct at a hardware;<br>4: people_tend_to frown on anything or anybody consider emotional so ai might win this race but what be a human weakness can be the edge need_to save the_world and it will_need save if ai be leave to make final judgement;<br>5: a human have we be_able_to construct anything that can perform task x any good faster_than any human have be_able_to do;<br>,11
topic4,11.382041,state space; mental model; real world problem; supervise learn; computational intractability,play chess; pseudo random; fermi paradox,December,1: be there such_an_ai service which_can find such personality portfolio by_analyze the text they use describe their solution to a problem;<br>2: recently_i start to look_at policy_gradient_method and policy be represent a function with feature for large problem with many state;<br>3: be_capable_of generate arbitrary_machine in_order_to solve arbitrary problem give the resource and solution available;<br>4: a group of people be ask to provide a solution for an imaginary problem via email;<br>5: i solve the problem use instead_of;<br>,12
topic5,6.754266,artificial intelligence; long term memory; short term memory; machine must; bayesian inference,0,Janurary,1: the seed of modern ai be plant by classical philosopher who attempt_to describe the process of human thinking a the mechanical manipulation of symbol;<br>2: suppose_we create something_that pass all of our test and be indistinguishable_from another human;<br>3: intelligence be most_widely study in human but have also be observe in both non_human animal and in plant;<br>4: probability if the path to agi under test be base_on them algebra if_you_think current;<br>5: on the_other_hand people advocate the superiority of human must assume this superiority in their mathematical_argument ultimately only derive the conclusion that be already present in their system of reason from the very start;<br>,1
topic5,7.194659,low level; weight age; high level; visual field; share weight,0,Feburary,1: currently we oberserve that current system become well in nearly every specialized task than_human;<br>2: there_be no_reason not to believe_that neural_network aid system will_not become well in any_give task in future;<br>3: plan become like coordinate a hierarchical army of skill where the general doesn't need_to plan every movement of the private in_order_to manage a battle;<br>4: follow from this i'm_try_to write a neural_network that can predict_whether something be in the 1st 2nd 3rd or 4th quadrant of a graph;<br>5: additionally we_see that scientist work_on make current system also well in less specialized task;<br>,2
topic5,6.653458,high accuracy; convolutional neural network; input image; traffic light; medical diagnosis,0,March,1: some expert think that if a_certain point be accidentally cross due_to ignorance or negligence we may devour our_planet with a self make black_hole;<br>2: safety of occupant safety of others go from point a to point b etc;<br>3: similarly an_edge color assigns a color to each_edge so that no two_adjacent edge share the_same color and a face coloring of a planar graph assign a color to each face or region so that no two face that share a boundary have the_same color;<br>4: the self driving car be a ' goal_seek ' machine;<br>5: in it simple_form it be a way of color the vertex of a graph such that no two_adjacent vertex share the_same color;<br>,3
topic5,11.339813,video game; artificial intelligence; mathematical proof; self play; genetic algorithm,0,April,1: for_question_about the application possible application of machine_learn method and artificial_intelligence algorithm in the field_of computer_vision;<br>2: for_question_about the use aspect implementation intuition mathematical_proof of various linear_algebra method use in machine learning and ai algorithm;<br>3: for_question_about the proof intuition method of combinatorial mathematics use in an_ai algorithm;<br>4: for_question_about clarification method algorithms best_practice for application possible application of artificial_intelligence and machine learning algorithm;<br>5: for_question_about the application clarification intuition proof_behind the use of statistical_method in ai_ml program;<br>,4
topic5,15.891514,data set; gradient descent; regression model; actual value; cross validation,control flow; inference engine; self aware,May,1: you_have <digit> sample data contain x1 and x2 and weight_vector contain w1 and w2;<br>2: set all value to <digit> or <digit> or another constant sample_from a distribution such_a a normal or uniform_distribution there_be also some heuristic method that seem_to work_very_well in_practice a popular one be the so called glorot initializer name after xavier glorot who introduce them here;<br>3: in the following block we define that <digit> of the data will be use for train the network <digit> for the validation and <digit> for the testing;<br>4: i be try_to train a deep_network on pascal_voc <digit> dataset;<br>5: that mean_that the <digit> input value be store a a stream and a self modifying network be continuously predict the value;<br>,5
topic5,8.176138,deep neural net; pbrs term; success rate; test set; cost function,0,June,1: so it become <digit> rule and <digit> variable with <digit> rule for_each input_variable;<br>2: the disadvantage be that you_might end_up_with a_long_list of pattern and there could be some which be conflict ie the_same pattern with different variable will ask_for a different_kind_of result;<br>3: i_would also add that if temporal order_matter you_could_also use a recurrent net with a <digit>;<br>4: a a rule_of_thumb <digit> training <digit> validation <digit> test but that depend_on_how_much data you_have;<br>5: so you_have <digit> class you_can now train a support_vector_machine;<br>,6
topic5,11.792906,general intelligence; computational power; imitation game; artificial intelligence; turing machine,0,July,1: please also try_to provide link to whitepapers that might relate_to this problem;<br>2: most programmer of game ai didn't_know the_difference_between a transistor and a resistor and their artificial_intelligence software be_able_to beat any human_player in chess;<br>3: i_understand though that the material use to construct_such a robot and it property will be limit and to_explore an atom we may_not be_able_to use an atom a the building block;<br>4: the_main motivation behind this be to eradicate something know a;<br>5: in your case_you'd want_to be_able_to tell that something be an appliance;<br>,7
topic5,15.039368,neural network; non differentiable; activation function; attenuation matrix; output layer,0,August,1: neural_network with_multiple hidden layer between the input and output_layer;<br>2: neural_network model also lack context such that if_you use a generative_model;<br>3: in the simple_case such neural_network be use to estimate or approximate function more_complex_than a_first_degree polynomial;<br>4: number_of activation in the layer horizontal_vertical pixel_depth of image throughput capacity of frame consider in temporal learn size_of the integer fix or float_point_number use number_of like sized middle_layer somewhere_in the network these be thing that change the behavior of the network but in way that do_not_change the character of govern equation;<br>5: be it use one input per each letter syllable whole word or i should use different pattern syllable;<br>,8
topic5,11.580853,natural language; human brain; computer vision; human experience; stack exchange,0,September,1: ai problem be generally those for which a strong polynomial algorithm be not know and_thus we_must settle for approximation;<br>2: if computation be free then ai would be mere mathematics and we would always compute the_best answer to every question use logic calculus physic at bad numerical_method when we_don't_have closed form solution;<br>3: or in_other_word ai problem be all about search the space of solution as_quickly a possible_to get an answer that be;<br>4: this be a ai philosophical_question i_do_not know where else to ask but to people_who know;<br>5: ai can never solve_problem use method that human will_never be_able_to come_up_with because we program ais to_solve problem just_like u human do;<br>,9
topic5,15.124911,train data; test set; gradient descent; loss function; data set,0,October,1: or be the goal to provide example data for unsupervised learning where no expect result be give and the training be to proceed toward some defined goal that be universal across the example use in training;<br>2: remove_redundancy from the data to be use a example for subsequent training;<br>3: however one or two_class look_like they_can use some_additional training data;<br>4: be the goal to provide example data for supervised learning where expect result be provide to the training process;<br>5: take training image_classification model a an_example when there_be limited amount_of_data it be not uncommon to augment_data by randomly rotate_image data but i often_see the resulting image be rotate to a degree that part_of the area that be normally unseen or out_of canvas of image appear black in color;<br>,10
topic5,12.971769,span class; output value; start node; real number; sigmoid function,0,November,1: n <digit> span matrix of span_class;<br>2: ^ <digit> dot span the variable span_class;<br>3: span along additional constraint_on the <digit> function like span_class;<br>4: what be the probability that a random person have_cancer_type <digit> span_class;<br>5: <digit> time <digit> <digit> span possible combination for just the first_three piece;<br>,11
topic5,14.190974,high level; real time; artificial intelligence; uniform cost search; easy way,control flow; inference engine; self aware,December,1: algorithm and abstraction of them the basic search_strategy enumerate in the question be indeed algorithms but abstract one;<br>2: it be very rare when any of the search mention in the question will produce a robust robotic algorithm;<br>3: selection the choice of algorithm be commonly base_on the characteristic_of the_search_space and what can be know prior_to and during the search;<br>4: in these case the information_gain from one algorithm may need transferal to the initial_state of another algorithm to_avoid redundancy in vertex testing;<br>5: for unveil the meaning behind the basic abstract search acronym simply expand them reveals much;<br>,12
topic6,9.119508,self aware; self awareness; environment detect; turing test; artificial intelligence,0,Janurary,1: the messenger would have_no power to alter the ai's hardware or software in any way or to communicate_with anything or anyone except relay communication to and from the ai and human ask_question;<br>2: short_answer be yes make ai accountable and responsible_for explain the decision seem_reasonable because human;<br>3: here you make the wrong assumption_that ai will have only_one goal at a time;<br>4: if_you read_through the abstract of chess ai paper it be often point_out_that human;<br>5: the messenger could be human of a software bot the_primary job;<br>,1
topic6,8.421605,activation function; emergency stop; binary classification; board position; map onto,0,Feburary,1: a say above they be weight to your hypothesis function that be change during training to_minimize your error_function;<br>2: i've_write a_single_neuron perceptron that can predict_whether something be above or below a straight_line graph give the correct training data and use a sign activation_function;<br>3: a measurable function be simply the policy of an_agent a bayesian_decision function be use in area_of reinforcement learning for determine the action of an_agent and the term standard binary_classification separate the measure data in two group with a hyperplane;<br>4: the first two input use the sign function;<br>5: when_we augment_data for training be we also change the distribution_of data and if it a different distribution why_do we use it to train a model for original distribution;<br>,2
topic6,10.579298,output value; output layer; rain day; simple case; specific class,0,March,1: i use to work_with ' traditional ' layer neural_network and i evaluate the output give certain input by process layer by layer;<br>2: when a new input pattern be apply the neural_network give an output response indicate the class to which the input pattern belongs;<br>3: i_have a snake program setup to input the accord data to a densely_connect network with <digit> input_neuron <digit> hidden neuron and <digit> output_neuron;<br>4: should_i keep the input until all hidden neuron be process and output be produce;<br>5: i've think that i can use the weight for that network into a new one with <digit> input value and n output_value but_i'm_not sure_if i can do that;<br>,3
topic6,5.734305,implementation detail; reinforcement learning; lstm layer; sub sequence; memory cell,0,April,1: lstm_layer to encode the give input text_into an_embed lstm_layer the look over the currently generate output to encode the text_into an_embed a dense soft max layer for generate word probabilistically base_on the output of the two contextual lstm encoders please see the following blog_post by jason brownlee that outline this approach and others while give implementation_detail and snippet;<br>2: the rnn be currently receive another word thus make this timestep a sub_sequence ' break_point ' do you_guy see any point that could prove this theory wrong;<br>3: how_fast can your_model generate an output correspond_to a change in the input;<br>4: thus you_might find it useful to look_at the concept_of gamification which naturally lend itself to the type_of multisensory input and output you're interested in;<br>5: after_train this rnn to a satisfying error_rate we check_if the output of the rnn be very_different to the_next input for a_couple_of timesteps;<br>,4
topic6,9.663294,human interupt; guide direction; input layer; license plate; input space,0,May,1: however when it_come to image add to your_data by artificially shift image by <digit> <digit> pixel or rotate by <digit> <digit> degree can add variability which_can supplement your_original data;<br>2: i_believe_that this occur because when i take the average gradient before each decent step the gradient of the weight and bias calculate from data <digit> data <digit> and data <digit> data <digit> cancel each_other out and prevent the network from classify anything;<br>3: in the image a new_connection have be add connect node <digit> to node <digit> how_can i calculate the output for node <digit> if i_have not_yet calculate the output for node <digit> which depend_on the output from node <digit>;<br>4: use a dropout_layer mean_that the network cut_down on neuron that be use for training in this_case <digit>;<br>5: in my example here you would get some <digit>  <digit>  <digit> 4gb of data for that one image;<br>,5
topic6,11.071676,car accident; neural network; high dimensional; data point; data entry,0,June,1: in the data feed to such_a case change the model;<br>2: you_can extract color_histogram of various granularity and use this data to train a model;<br>3: we_have only start to understand the true potency of neural_network base ai model in this decade so we simply can't predict what_happen next as_well;<br>4: accord_to ai literature such_a model be usually store in a pddl file but it be also possible_to use more advanced technology like the loom knowledge_representation language;<br>5: they model the function by adjust their weight use lot_of data;<br>,6
topic6,5.520981,many case; self play; online course; reinforcement learn; statistical model,0,July,1: if the algorithm learn_from the validation process it constitute_a type_of machine learning;<br>2: schema agnosticism be another_way of say_that the database cannot provide meta information to the service access it normalize the structure use simple sql query insert combination proactively optimize the key automatically a be now possible with machine learning or validate insertion without first detect a schema from data pattern;<br>3: i_would_recommend machine learning by tom m.mitchell which provide key algorithm and theory that form the core of machine learning;<br>4: proceeding of the 17th european conference_on machine learning;<br>5: i could find many paper and journal on deep learning;<br>,7
topic6,5.408354,artificial network; linear algebra; computer vision; discrete tensor; neural network,0,August,1: it support training and test many_different_kind_of machine learning model along_with some_basic data processing technique;<br>2: learn new stuff use machine learning;<br>3: i've be ask to reimagine a computer_vision problem use reinforcement learning;<br>4: in healthcare watson's natural_language hypothesis generation and evidence based learning capability allow it to function a a clinical decision support system for use by medical professional;<br>5: for_question_relate to learn control by external positive reinforcement or negative_feedback signal or both where learning and use of what have be thus_far learned occur concurrently;<br>,8
topic6,3.343545,span class; activation function; convolution kernel; artificial network; loss function,0,September,1: please show equation <digit> by use the law of iterated expectation break span_class;<br>2: span and subtract the_same constant from span_class;<br>3: span to be equal_to span_class;<br>4: span prediction and those span_class;<br>5: span to estimate the advantage_of execute_action span_class;<br>,9
topic6,15.268290,self driving; main advantage; human driver; turn leave; swarm intelligence,self driving; animal recognition; morality questions,October,1: i also agree_that eventually self driving car will be_able_to handle your hypothetical situation good_than many human_driver;<br>2: in_my_opinion the_bottom line be a self driving car will_not road rage drive at dangerous speed in a residential area get tire and fall asleep text and drive or drink and drive etc;<br>3: however i can also imagine some human_driver deliberately try_to cause self driven car to make poor decision;<br>4: although_there be potential to make the road safer i_don't_think that be the drive force behind the push for self driving car;<br>5: for_example_if a human_operator be drive a remote control car in a circle this pattern be the goal behavior;<br>,10
topic6,10.193028,human player; trolley problem; human driver; real life; google's self,human player; trolley problem; human driver,November,1: wikipedia self driving car will actually need_to implement real_life variation on the trolley_problem which basically_mean that self driving car need_to be program to kill human being;<br>2: of_course that_doesn't_mean that all robot will_need to be program to kill but self driving car be a good_example of a type_of robot that will;<br>3: build self driving car be surprisingly easy;<br>4: from another team in the darpa self driving car challenge it be know that their software contains of 1_million line of code;<br>5: for_example_if a self driving car be involve in an_accident while be control by the ai who be at fault;<br>,11
topic6,9.111817,evaluation function; multiple choice; human intelligence; surpass human; game tree,0,December,1: a in take the universal declaration of human right and replace;<br>2: so how_do we actually map that number to certain_action how_do we_know_what action to take;<br>3: so your_model need_to learn a_single function that be the sum_of all human high_school level science understanding;<br>4: the idea be that a module could be load_into computer memory and the loader be_able_to perform it function whether the information be load be a program a routine call from a program an update of the loader or data to be use by a program;<br>5: young human go out to location base_on partial information and search in a predominantly breadth_first way;<br>,12
topic7,8.233646,image generation; generative model; non zero; variable length; input data,0,Janurary,1: some webpage say because_they both be image they be similar but some webpage say because these image be too different to the image use to train the imagenet model so i get confuse_about this;<br>2: where a and b be a a po negative pair and then the feature generation block be a cnn_architecture which output a feature_vector for_each image;<br>3: but if_we try_to copy hyperlink of chinese page into google_translate it will be word;<br>4: then find exact_same sentence except that instead_of our word there_be another word;<br>5: it would be a crapshoot but maybe you_could take the list_of result choose one use another layer choose the info from the page use a third layer then answer the question use the info;<br>,1
topic7,10.527799,color channel; miss value; across multiple; data set; miss data,0,Feburary,1: for text i could record the list_of word or sentence that be similar_to all document of a give kind;<br>2: for_each hint i give to the system the system would learn to refine it knowledge of document kind;<br>3: finally i could do a combination_of_both technique for_example by convert a pdf document to an_image or an_image to text by ocr technique;<br>4: document could be extract a text a image or both;<br>5: if the task be to learn a language you_can certainly learn_from write text and try a generative approach;<br>,2
topic7,12.942971,generative model; machine learn; artificial intelligence; genetic algorithm; neural network architecture,0,March,1: deep learning model even shallow one such_a stacked autoencoders and neural_network be not fully understood;<br>2: one way that researcher be use to discover how deep learning work be by use generative_model;<br>3: here be a list_of publication that present their work relate_to video_caption use machine learning;<br>4: i be new to deep learning;<br>5: for_question_about the perceptron_learn algorithm in machine learning;<br>,3
topic7,10.736838,data set; computer vision; convolutional neural network; real picture; deep learn,0,April,1: my two approach be to manually train the chatbot with expect intent and expression it would_need to understand or use a_custom deep learning model on conversational data;<br>2: you_might also look_at self organizing map an approach to unsupervised learning for neural_network;<br>3: i_have be search_for information regard industry accept certification in the area_of artificial_intelligence neural_network machine learning nlp deep learning;<br>4: active model learning and diverse action sample for task and motion planning i_didn't ever before heard that noun but i can imagine_that it could have something to do with procedural animation in which the parameter be_determine_by machine learning;<br>5: i'm guessing that this step can even be do use unsupervised learning;<br>,4
topic7,10.295969,machine learn; objective function; grey scale; linear algebra; open source,0,May,1: i_would like to know_whether we_can write rule in_python language for train an_agent for medical diagnostic use machine learning;<br>2: sequence to sequence regression use deep learning;<br>3: in machine learning early stopping be a form_of regularization use to avoid_overfitting when train a learner with an_iterative method_such a gradient_descent;<br>4: before jump_into any machine learning task it be good to consider your_dataset and the feature you_wish_to use;<br>5: in mathematics_statistic and computer_science particularly in the field_of machine learning and inverse problem regularization be a process of introduce additional_information in_order_to solve an ill posed problem or to prevent_overfitting;<br>,5
topic7,7.948872,control system; source image; quality control; facial recognition; optimal play,0,June,1: even_when make your_model architecture it s common to put in dropout_layer which mimic the way your brain use different pathway of learn;<br>2: the load be consider to belong_to the external_environment of the system;<br>3: it be in_contrast with a system that also have feedback which adjust the output to take account of how it affect the load and how the load itself may_vary unpredictably;<br>4: if_you follow the information path of any system and consider the way_to read or write the signal at_any point_along the path you_can preemptively guard against those point of access;<br>5: b_c edit hd vid and high_resolution photo be onerous with an underpowered system;<br>,6
topic7,7.998667,time series; class label; standard deviation; mit press; decision point,0,July,1: for_example let image dimension be <digit> <digit>;<br>2: point <digit> and <digit> have overly restrictive;<br>3: <digit> <digit> springer berlin heidelberg;<br>4: <digit> <digit> springer berlin heidelberg;<br>5: section in and slide <digit> <digit>;<br>,7
topic7,20.948178,convolutional network; neural network; data set; pixel value; activation function,latent space; test data; grammar rule,August,1: however i_cannot realistically train any modern image processing natural_language model or interesting deep_rl model on it without commit_to day of training time;<br>2: i train an inceptionv <digit> model use this oversampled data and it be not_at_all stable and i be get poor accuracy;<br>3: <digit> total image <digit> label for one class and <digit> label for the second;<br>4: now i_need to use the_same network to extract_feature_from the image and use the feature to train an_lstm;<br>5: the model take two input of image to give the two image class;<br>,8
topic7,10.575981,activation function; signal path; gaussian blur; multilayer perceptron; large set,0,September,1: i_wonder_if they_can value the state to train the neural_network isn_t the function that be use to value the state a evaluation_function and aren_t the neural_network and the function the_same;<br>2: what_i_want be use these data a input for trained network;<br>3: if the weight be know you_can then find the relative_importance of each input to the output;<br>4: with a kernel_size of 4x1 i get a feature_map m with the size_of 97x1 where_each value be the dot_product of my filter and the current input;<br>5: to_keep_track of visited node we_can define a function which map each_state to an_integer or string and use a map dictionary set to store visited state;<br>,9
topic7,10.374557,activation function; output layer; pool layer; filter size; let's say,0,October,1: that number <digit> represent just the size_of the hidden layer of your lstm;<br>2: give_you a kera layer represent a lstm with a hidden layer size_of <digit>;<br>3: the input be <digit> and the output <digit>;<br>4: 0.051 span when the network return this output my program will tell_me that he identify the image a number <digit>;<br>5: <digit> <digit> <digit> <digit> cdot_10_^;<br>,10
topic7,7.712449,compute machinery; data source; cognitive ability; hyper parameters; machine learn,0,November,1: it mean_that there_be a correlation_between word of person a and word belongs to person b and we_could detect a connection_between the people which have a conversation;<br>2: a strong conception_of a smart system could be one that will determine favorable and unfavorable state base_on an analysis of the value of other machine and people both past and present;<br>3: the state of the tree or network and the value of particular edge traversal may be either static or dynamic;<br>4: of_course state be_helpful in optimize search_strategy so the minimizing of memory utilization may negatively_impact the speed of the search;<br>5: now a word embedding of a word have entry that be value allow to take any range;<br>,11
topic7,10.122834,neural network; non linear; internal state; current state; test data,0,December,1: what be call network parameter be not parameter of the generic network but parameter of that control the mix of input into each_layer and become the_primary data output of the learning process;<br>2: maybe_you_can implement two neural_network one handling image data and another manage the numerical_data each one output their result;<br>3: and a function that give some input board_state output the set_of all_possible board_state that might follow where we define a board_state to contain information_about the location of each chess price and who be the_next player to move;<br>4: for_question_relate to the technique of backpropagation whereby the loss error or correction_signal at an_artificial_neural network output be feed back to the sequence_of network layer parameter that produce the output until learn converges to within the required accuracy and reliability;<br>5: which be give input x and return an output;<br>,12
topic8,5.832057,cognitive system; game theory; use python; early stage; high quality,0,Janurary,1: here be a link to a_collection_of important paper in ai cyber_security that can be relevant for the above ai schedule assistant in a work set employee often spend a_lot_of time coordinate meeting and phone_call;<br>2: i_wouldn't be surprise_if ai start make paper company soon per business tactical advantage;<br>3: we already_have a rigorous criminal justice system within our governance structure that be well capable_of_handle any eventuality that may arise_from ai or_any_other technological breakthrough without be overwhelm;<br>4: for question on ethical issue relate_to ai;<br>5: if_you read_through the abstract of chess ai paper it be often point_out_that human;<br>,1
topic8,4.972451,convolutional neural network; wonder whether; pattern recognition; english language; mimic human,0,Feburary,1: we_have machine learning to extract meaningful info from the data we_have;<br>2: for_question_about implementation_of machine learning and artificial_intelligence algorithm in the r programming language;<br>3: it target to the area_of machine learning which be teach in university course;<br>4: once the artificially_intelligent machine be_able_to identify_object we might_want_to teach them how to value different thing differently base_on_their utility demand life etc;<br>5: there_be a_lot_of people interested in support the field but there_be no_clear way_to do that;<br>,2
topic8,9.865902,span class; innovation number; feature extraction; machine learn approach; let's consider,0,March,1: and yes we_need a new approach to_solve the problem;<br>2: i_didn't read the_whole code so i_don't_know if the problem come_from here but why_don't you learn how to use_tensorflow instead_of re_write everything;<br>3: solve the problem be only possible with different topic in ai;<br>4: i_think the model will have_no problem take a multicolumn input;<br>5: for_question_about artificial_intelligence machine_learn_algorithms solve learn to_solve either efficiently or by satisfy some constraint the graph coloring problem;<br>,3
topic8,7.997857,tic tac toe; board state; incomplete information; human player; game theory,0,April,1: ai play of serious game game such_a chess and go represent the;<br>2: focus ad marketing enhance user experience game development etc;<br>3: that say i_suspect_that a_lot_of human think behavior intelligence be wrap up in how we be embody and how we experience the_world a two legged upright walking biological machine with eye ear nose etc;<br>4: for_question_about the formal concept_of perfect_play in regard to_solve game;<br>5: whereas in some game you_might not know the result of your move;<br>,4
topic8,6.890969,next move; stack exchange; make sense; least square; high quality,0,May,1: a_simple approach be to develop a scheme that recognize frequency skew and allocate additional compute_resource to the training that focus_on the differentiation of similar animal with infrequent label training instance;<br>2: after have confusion regard the scenario situation i'm ask_about compare_to other more_complex scenario and the long comment series that ensue i'm realize one challenge of this_site be that it's much_more complicated and diverse subject_matter than code or the various_other topic of stack_exchange where the problem can be very clearly and simply express;<br>3: there_be several way you_can give extra attention to the infrequent category manually in the code but then it would be a less general solution and the resulting program would neither be an_exceptional learner nor particularly reusable;<br>4: research company that aim_to promote and develop friendly_ai in such_a way a to benefit humanity a a whole;<br>5: that way you learn most about_how to approach such_a problem and solve it;<br>,5
topic8,7.521773,conv layer; sigmoid function; convolutional layer; use sigmoid activation; high value,0,June,1: i'm design a neural_network that output a value in the range <digit> <digit>;<br>2: during the back_propagation phase author calculates change in weight_between input and hide_layer by calculate where while this work for input value of <digit> it naturally won't_work for input value <digit>;<br>3: v1 <digit> rule v2 <digit> rule total rule 3x3 <digit> rule;<br>4: the policy be a_simple neural_network with <digit> hidden layer with relu_activation and <digit> sigmoid output which be the probability_of take an_action;<br>5: give the_best result compare_to log_2 and log <digit> and also just division;<br>,6
topic8,8.771830,von neumann's; log file; cross entropy; digital system; question answer,0,July,1: there can be neither bad_performance nor good_performance if_we wish_to think in logical and scientific term only relative improvement of some system configuration with_respect_to some_other system configuration for a very_specific set_of performance scenario;<br>2: net behavioral fitness may alternatively be evaluate by other net within the system in the case of stacked net or other configuration such_a laplacian hierarchy;<br>3: a select review which i be still work my way through and which you_may find interesting;<br>4: it stop completely evaluate a move when at_least_one possibility have be find that prove the move to be bad_than a previously examine move;<br>5: a graph may be undirected mean_that there_be no distinction_between the two_vertex associate_with each_edge or it edge may be direct from one vertex to another;<br>,7
topic8,8.622339,cognitive psychology; depend upon; many people; douglas hofstadter; scikit learn,0,August,1: b artificial_intelligence stack_exchange b be a question and answer site for people interested in ai theory mathematics research discovery design development practice embed us cognition policy and impact;<br>2: ai professional and enthusiast to study cognitive_psychology cognitive psych professional and enthusiast to study ai people to double major in_college or university study people to cross train when_they self study research topic and read be more open mind to interdisciplinary study online this last item be a suggestion to all here;<br>3: ai will be_capable_of omniscience omniscience be more_than answer any question;<br>4: other site tutor mail list python help mail list pycon python weekly pycoder's weekly python google group free python_program book wikibooks ' non_programmers tutorial for python 2.6 wikibooks ' non_programmers tutorial for python_3 the official python tutorial building skill in_python version 2.6;<br>5: one of the recent system be euclid that can answer those type_of question the public dolphin algebra question set by use a tree transducer cascade approach;<br>,8
topic8,9.717118,cognitive science; human intelligence; action selection; high value; human player,0,September,1: of_course it rely_on that ai be super convincing in this philosophical debate but it have strong parallel to some religious cult reason that have sometimes succeed_in convince people to do all_kind_of thing_up to and include sacrifice their_life;<br>2: we study ai in last semester but it be all theory;<br>3: in which case it may take an absurdly long_period_of time to develop;<br>4: may be a good_source of study but whoever qualify for this_kind_of experiment;<br>5: first of all i encounter the term machinelearning much_more in my business_intelligence class than in my ai class;<br>,9
topic8,11.989791,span class; state action; life form; gamma span; vector matrix multiplication,0,October,1: span be the state_action value span_class;<br>2: span so the definition be not a measure of the value span_class;<br>3: ' span symbol in span_class;<br>4: span line that intersect span_class;<br>5: span be the_advantage_function of state and action upon it span_class;<br>,10
topic8,10.160344,current state; determine whether; artificial general intelligence; turing test; artificial system,0,November,1: if more_detail be add to the question the answer may be more detailed;<br>2: if_you know someone asks question and the other participant answer them then_you know_exactly where to look_for salient utterance that might give_you clue a to the topic of the conversation;<br>3: if the immediately above question be answer with a number derive by a proof of concept be it still anthropomorphic work effectively in it ability_to match or exceed_human mental_ability but not a general_problem_solver that will work effectively anywhere_in the universe on any problem whether_or not human can imagine it and find some optimal_solution determine dynamically what optimal mean in every_possible context;<br>4: the generated question should be answer by the_exact_same answer to the base question;<br>5: sometimes it's a bit more_tricky such_a question counter question_answer answer;<br>,11
topic8,6.794690,natural number; transition matrix; input layer; output layer; boolean logic,0,December,1: and the_next hidden layer have <digit> node;<br>2: line <digit> in epochs args;<br>3: lastly i will append them_together form a <digit> x <digit> matrix;<br>4: see page <digit> of this report;<br>5: expect activation <digit> to have shape;<br>,12
topic9,11.729144,speech recognition; high level; natural language; open source; speech api,0,Janurary,1: use for objective evaluation and assessment_of compute_device and component include cpu gpus etc;<br>2: use for objective evaluation and assessment_of api plug_in framework etc;<br>3: this would be a great environment because the power will last until the earth's core cool and i can probably mine sufficient mineral and rare earth to continually expand my system capability possibly mine the ocean floor for silica if i'm_still use a silicon substrate;<br>4: watson employ a cluster of ninety ibm power <digit> server each of which use a 3.5 ghz power <digit> eight core processor with four thread per core;<br>5: without a high_speed interconnection bandwidth you_will not achieve any speedup inspite_of use a distributed system with many processor;<br>,1
topic9,9.048807,feedback loop; input vector; exploration function; word embeddings; small part,0,Feburary,1: basically it occur to_me that when i'm thinking or speaking there_be a constant feedback_loop in which i be formulate which word to use next which sentence to form and which concepts to_explore base_on my most_recent statement and the flow of the dialogue or monologue;<br>2: then each_word and it meaning then what_kind_of word when use in the what_kind_of order convey what_kind_of meaning;<br>3: how_can we accomplish_this and how_do we start to value thing;<br>4: if the agent have a representation_of this situation it have a symbol and a symbol which represent the thing in the real_world;<br>5: now it can have a relation which represent the situation that the cup be on the table;<br>,2
topic9,6.063341,player game; voice recognition; invalid action; linear algebra,0,March,1: it take at_least <digit> bit to represent any number between <digit> <digit> because 2_^ <digit> <digit>;<br>2: enhance intelligent_agent with episodic_memory page <digit> and page <digit>;<br>3: light go forward <digit> move <digit> pick_up stop drop turn <digit>;<br>4: part <digit> introduction_to various reinforcement_learn_algorithm;<br>5: finally_if_you specify only <digit> class <digit>;<br>,3
topic9,8.896709,real world; computer vision; word embedding; digital voice; deep blue,0,April,1: i_would like to ask a question on the problem a follow;<br>2: it be also sometimes consider an act of internet terrorism where terrorist activity include act of deliberate large_scale disruption of computer network especially of personal_computer attach to the_internet by mean of tool such_a computer virus computer worm phishing and other malicious software and hardware method and program script;<br>3: computer_vision task include method for acquire processing analyze and understanding digital_image and extraction of high_dimensional data from the real_world in_order_to produce numerical or symbolic information e;<br>4: there_be also ton_of library for nearly everything_else which help when construct wider system which incorporate element_of ml ai;<br>5: some cpu have new hardware design for ai computation;<br>,4
topic9,8.640143,validation set; multi class; test set; data point; batch size,0,May,1: each_neuron in the input_layer of a neural_network essentially get <digit> dimensional input;<br>2: i_cant figure_out_how to get past <digit> succes rate;<br>3: i_believe_that this occur because when i take the average gradient before each decent step the gradient of the weight and bias calculate from data <digit> data <digit> and data <digit> data <digit> cancel each_other out and prevent the network from classify anything;<br>4: each test sample have input of <digit> real_value some of the value may_also be unknown;<br>5: you_can by logic get a <digit> correct_result all the time;<br>,5
topic9,9.827277,real world; quantum level; loud noise; run time; virtual world,0,June,1: so until_we_can solve the randomness question and find some_way around the observational problem at the quantum_level i_don't_think we_could model the type_of system you're_ask about with perfect accuracy;<br>2: the real question be be you sure you_want_to train a model;<br>3: it's_possible that an_intelligent construct within game of life could model outcome of local phenomenon but perfect_information on the_entire system be an impossibility and a with quantum_phenomenon trading of information actually affect the system;<br>4: post a very_useful link on the limit of computation which be probably a much_less convoluted approach to the question;<br>5: the_best best_way_to monitor an architecture performance would be compare the resource utilization model accuracy value loss and confusion_matrix;<br>,6
topic9,6.100703,speaker tone; run time; voice emotion; rule engine; clear voice,0,July,1: a program that enumerate current move sequence possibility at_each turn in the play of a chess_game eliminate probable bad_move at_each project move point and select the next_move most_likely to lead_to a win a program that do the above but also skew probability base_on pattern_recognition of know win_chess strategy a program that be design to be a run_time optimize rule_engine that centralize and abstract the redundant operation of the play of an_arbitrary game and isolates and aggregate the representation_of chess rule chess strategy and chess pattern and anti patterns a program that give a set_of rule of a game can generate a next_move base_on any game_state remembers success and failure result and the sequence that lead_to those outcome and have the_ability_to assess the probable loss or gain of individual move and the game pattern in space and time around_them base_on history and then leverage these ability_to_learn an_arbitrary game reach the masterful level_of play of chess through learn a program that learn how to learn game such that after learn several game it can learn chess faster_than an intellectually gifted human can the first be easy;<br>2: to understand a specific game we_must describe the_art history_of the issue;<br>3: most programmer of game ai didn't_know the_difference_between a transistor and a resistor and their artificial_intelligence software be_able_to beat any human_player in chess;<br>4: so we_can argue_that intelligence isn't locate in the brain but in the game human be play;<br>5: this be a popular algorithm for automated game playing in artificial_intelligence;<br>,7
topic9,12.755148,test set; cross validation; activation function; learn algorithm; linear regression,0,August,1: svms be usually use to find a pattern in a set_of data;<br>2: this classification be base_on a model produce from a training set_of data contain observation whose classification be give;<br>3: this tend_to produce model that interpolate well when give data similar_to training set but that extrapolate badly;<br>4: ignore bias during_test during the test step after_train you forget to add the bias that you use during training;<br>5: now you_can process such data use multilayer_perceptron;<br>,8
topic9,8.963777,tensorflow pytorch; ask question; learn rate; self improvement; autonomous vehicle,0,September,1: python be easy_to get use to have a many good library for work_with machine learning;<br>2: program backprop manually be one of the_best exercise in machine learning;<br>3: from that point of view ugnes answer would be probably the close;<br>4: depend_on the required accuracy you_can consider these_two dimentions continous with a limited range or if_you consider each_pixel a a integer you_might be_able_to discretize your action_space;<br>5: the slight difference be here that in the first approach human provide the pattern for the pattern matching in the second approach machine learning be use to_detect patter in the data which then be classify;<br>,9
topic9,13.560232,real world; genetic algorithm; compute power; lstm model; neural network,0,October,1: i'm start to get_into the ai field and want a a side project to try and make an_algorithm to play old game;<br>2: what make the ai in sci_fi fundamentally_different from real exist ai be that it be a;<br>3: which introduce the q_learn function in context it be_an_excellent work that model learn in a way that be independent_from whether the learning be biological or program on a computer draw on mdp;<br>4: it be a's object in the game to try and cause c to make the wrong identification;<br>5: the game cause a difference_in the fitness because i_cannot make all round same easily;<br>,10
topic9,14.828534,neural network; time step; gradient descent; side effect; mini batch,0,November,1: a input a normal pen paper personality test be use which be develop_by serious psychologist and this game get transform_into a chatbot database;<br>2: data after normalization network summary the train fail with the follow error after some troubleshooting i realise_that the prediciton output show nan value;<br>3: <digit> base_on the reward receive in move from state to use action be update;<br>4: consider this a model_free approach where the agent be sample action from the environment and get <digit> energy output from the learned model a a reward;<br>5: how_do you calculate the loss when_you only have the <digit> move that be play in the game to work_with;<br>,11
topic9,8.420665,data preprocess; stop word; loss function; take place; heuristic value,0,December,1: 100_000 be a bit excessive for most game but it just have to be large_enough that a loss win and draw be never confuse a a draw in <digit> <digit> move would look good_than a win in <digit>;<br>2: undo any move the bot make that be illegal and then get it to move again;<br>3: naively move a be well but in this game the only legal_move follow move a lead_to a loss and move b lead_to a position where min have hundred_of legal_move but only_one cause him to win;<br>4: for the first value if place a token here would result in a connect_4 for player_1 it's a otherwise a for the second value if place a token would get player_2 a connect_4 then it's a otherwise a so if no_one would win by place a token here it's two value for these_two input two final value the first indicate_whether it's player_1 '_s turn or not then second indicate if_it's player_2 '_s turn or not what i see when my bot be play be that it make what i_assume be somewhat clever move like it's preparing for both horizontal and diagonal move;<br>5: this subjective representation will change in_real_time a the robot move and discover_new information;<br>,12
